dataset,graph_id,label,num_nodes_in_graph,cascade_size,num_valid_times,lifetime,mean_interarrival,median_interarrival,std_interarrival,burstiness,t25,t50,t75
politifact,0,0,497,496,496,307798510.0,621815.1717171717,2988.0,3435618.2375562917,0.6934933446863318,97234542.0,120976510.0,128913726.0
politifact,1,0,21,20,20,31726657.0,1669824.0526315789,3869.0,4561999.242830303,0.46409775326987435,29173222.0,31643298.0,31645001.0
politifact,2,0,142,141,141,14559402.0,103995.72857142857,423.0,677598.2884905528,0.7338881150540292,12308404.0,12346344.0,12360978.0
politifact,3,0,15,14,14,17781328.0,1367794.4615384615,34401.0,2596687.0998203615,0.30997562209892027,2891.0,181139.0,3814612.0
politifact,4,0,30,29,29,285083494.0,10181553.357142856,33900.0,23003082.423019297,0.3863694376763712,95809336.0,175085973.0,283956485.0
politifact,5,0,30,29,29,285083494.0,10181553.357142856,33900.0,23003082.423019297,0.3863694376763712,95809336.0,175085973.0,283956485.0
politifact,6,0,86,85,85,320590416.0,3816552.5714285714,25680.5,9648315.899460081,0.4331095651353679,70047320.0,125545334.0,135023312.0
politifact,7,0,10,9,9,146321053.0,18290131.625,518.0,35877260.66101486,0.32468110968220953,39203705.0,146320518.0,146320847.0
politifact,8,0,49,48,48,235294294.0,5006261.574468086,84987.0,20614881.517079715,0.6092085699236729,189300090.0,209284371.0,233957823.0
politifact,9,0,433,432,432,97865927.0,227067.11600928075,72.0,1579707.6487926098,0.7486492279692889,4396048.0,56993614.0,57017886.0
politifact,10,0,152,151,151,56844268.0,378961.7866666667,722.5,4602205.539247053,0.8478421775975364,38678.0,94832.0,133798.0
politifact,11,0,423,422,422,343139108.0,815057.2636579572,16953.0,1789806.4451064884,0.37420352480202507,174315620.0,191893521.0,274321261.0
politifact,12,0,37,36,36,233472376.0,6670639.314285714,25264.0,21598237.891541284,0.5280577105545097,82070.0,2426707.0,112927308.0
politifact,13,0,109,108,108,9606783.0,89783.01869158879,563.0,578194.1086268065,0.7311793622274939,154143.0,2611616.0,2614014.0
politifact,14,0,312,311,311,244143.0,787.558064516129,99.5,3154.446559737764,0.6004276303124881,2832.0,29662.0,55281.0
politifact,15,0,90,89,89,29377718.0,333837.70454545453,1042.0,2049761.6040899353,0.7198877316871042,8761.0,37401.0,161393.0
politifact,16,0,20,19,19,202351.0,11241.722222222223,2254.0,25500.492877166023,0.38807596701433517,90699.0,103409.0,116955.0
politifact,17,0,6,5,5,319565208.0,79891302.0,77353733.0,79971759.38101633,0.0005032893798059294,154707293.0,154707329.0,154707502.0
politifact,18,0,40,39,39,5586406.0,147010.68421052632,2412.0,677250.2069756675,0.6432908905845012,18362.0,25657.0,4720431.0
politifact,19,0,89,88,88,275440328.0,3165980.7816091953,13730.0,10137693.606317835,0.5240441566305478,217636475.0,253398742.0,257903638.0
politifact,20,0,6,5,5,88629.0,22157.25,13312.0,25340.067061621994,0.06701045992750866,402.0,403.0,26625.0
politifact,21,0,492,491,491,302033782.0,616395.4734693877,596.5,4039626.308089028,0.7352265507387407,21554416.0,55164291.0,265375543.0
politifact,22,0,237,236,236,262916417.0,1118793.2638297873,25214.0,2443893.650252201,0.37193848866842055,164421588.0,221377491.0,238728077.0
politifact,23,0,78,77,77,289135828.0,3804418.789473684,101444.5,8479614.11644839,0.38059124090434626,14220582.0,90587840.0,147471056.0
politifact,24,0,101,100,100,228533457.0,2308418.757575758,12056.0,6764524.842158324,0.49114226663033256,26711.0,813823.0,13772702.0
politifact,25,0,29,28,28,135455.0,5016.851851851852,685.0,11443.642830729705,0.3904372926093565,2353.0,3389.0,30144.0
politifact,26,0,115,114,114,88803150.0,785868.5840707965,995.0,5205180.963624073,0.7376524504381143,82677434.0,82700540.0,82766263.0
politifact,27,0,441,440,440,22978659.0,52343.1867881549,75.0,543794.7954189224,0.8243923777701092,20326.0,34268.0,22454113.0
politifact,28,0,232,231,231,84689219.0,368213.99565217394,277.0,2955176.809685421,0.778410655129215,67060016.0,67063406.0,72561868.0
politifact,29,0,82,81,81,167242989.0,2090537.3625,2839.5,8511352.284679404,0.6056292921222435,188523.0,70715505.0,75007999.0
politifact,30,0,145,144,144,37096575.0,259416.6083916084,6.0,2853716.9323525773,0.8333405200924366,17323.0,836900.0,837120.0
politifact,31,0,54,53,53,207368.0,3987.846153846154,254.0,12728.140291653908,0.5228703771867821,1387.0,6638.0,29600.0
politifact,32,0,318,317,317,286971616.0,908138.0253164558,981.0,4696335.1939489115,0.6759238594647101,1147247.0,64010311.0,190650931.0
politifact,33,0,397,396,396,63666748.0,161181.6405063291,7276.0,804561.6634318781,0.6662018988916701,2335693.0,19198446.0,27361680.0
politifact,34,0,10,9,9,228841682.0,28605210.25,10056457.5,36790094.05439789,0.1251601149571751,1486518.0,35729267.0,211188692.0
politifact,35,0,17,16,16,564989.0,37665.933333333334,4855.0,101739.91243850937,0.4596218956989948,29238.0,31812.0,97699.0
politifact,36,0,42,41,41,549276.0,13731.9,219.5,73857.19208675619,0.686447257921142,1140.0,15824.0,26258.0
politifact,37,0,41,40,40,177927020.0,4562231.282051282,17591.0,12883316.13128624,0.47697470604294695,22305967.0,82448137.0,82454420.0
politifact,38,0,186,185,185,2022393.0,10991.266304347826,219.5,116238.0328810415,0.8272211452122809,6941.0,27444.0,43527.0
politifact,39,0,38,37,37,341310.0,9480.833333333334,1099.0,19544.16913969768,0.3467126597393001,11403.0,33100.0,64366.0
politifact,40,0,208,207,207,33796263.0,164059.5291262136,484.5,2030467.4068471808,0.8504830116806527,30999.0,106189.0,453981.0
politifact,41,0,72,71,71,139510367.0,1993005.2428571428,1353.5,5644589.147122503,0.47810655002262986,52518053.0,118217760.0,118246979.0
politifact,42,0,160,159,159,255786897.0,1618904.4113924052,37492.0,4123808.0260661226,0.4361882371707746,62184626.0,105827798.0,193891671.0
politifact,43,0,4,3,3,11590083.0,5795041.5,5795041.5,5769677.5,-0.002193222334239163,0.0,25364.0,11590083.0
politifact,44,0,25,24,24,265476469.0,11542455.173913043,7572656.0,14931292.39031652,0.12800746128524546,79956124.0,205147678.0,249692133.0
politifact,45,0,52,51,51,843228.0,16864.56,1226.5,82350.62309786367,0.6600407422850761,48097.0,203734.0,229536.0
politifact,46,0,269,268,268,107388361.0,402203.59925093636,14.0,6489832.392452297,0.8832845331234148,959.0,2188.0,25874.0
politifact,47,0,262,261,261,86947527.0,334413.5653846154,668.0,2299082.179911739,0.746030677298867,195534.0,17214374.0,17253423.0
politifact,48,0,12,11,11,518440.0,51844.0,9574.0,121006.45782932414,0.40012886687067084,1732.0,8152.0,79721.0
politifact,49,0,418,417,417,340609781.0,818773.5120192308,2705.0,2590174.8040049677,0.5196327804851245,95008605.0,156349987.0,340487069.0
politifact,50,0,184,183,183,2955418.0,16238.560439560439,376.0,114510.20083383223,0.7516066648523578,9672.0,62830.0,177582.0
politifact,51,0,481,480,480,155457245.0,324545.3966597077,716.0,3718482.3078079587,0.8394542801173115,64761029.0,64933361.0,79866352.0
politifact,52,0,65,64,64,260563818.0,4135933.619047619,1094.0,22781347.19442144,0.6926930585813073,31379.0,45342.0,98987.0
politifact,53,0,6,5,5,1.0,0.25,0.0,0.4330127018922193,0.2679491924311227,0.0,0.0,1.0
politifact,54,0,4,3,3,11590083.0,5795041.5,5795041.5,5769677.5,-0.002193222334239163,0.0,25364.0,11590083.0
politifact,55,0,4,3,3,28977.0,14488.5,14488.5,14445.5,-0.0014861408723301306,0.0,28934.0,28977.0
politifact,56,0,6,5,5,20477185.0,5119296.25,60839.5,8794452.672793895,0.2641384750570819,20351629.0,20445231.0,20449108.0
politifact,57,0,28,27,27,315220470.0,12123864.23076923,25297.0,35261708.22055458,0.48828879325143504,147027724.0,312672903.0,314569441.0
politifact,58,0,60,59,59,241734.0,4167.827586206897,926.0,12086.32519397072,0.48716766200331574,8232.0,26665.0,60480.0
politifact,59,0,161,160,160,312162313.0,1963284.9874213836,12064.0,7325044.847014007,0.5772576938121351,260259.0,44960400.0,100454674.0
politifact,60,0,4,3,3,37782.0,18891.0,18891.0,10818.0,-0.2717358376249621,0.0,29709.0,37782.0
politifact,61,0,3,2,2,40682.0,40682.0,40682.0,0.0,-1.0,0.0,0.0,40682.0
politifact,62,0,20,19,19,283917494.0,15773194.111111112,41938.5,31457393.328046333,0.33207715735358245,173223000.0,272674009.0,275184165.0
politifact,63,0,12,11,11,123245679.0,12324567.9,12816.5,34271684.15155707,0.4710060420154261,3052391.0,3077674.0,123245163.0
politifact,64,0,13,12,12,49398641.0,4490785.545454546,28811.0,7905959.872879106,0.27548959119333283,7993717.0,7994037.0,8515321.0
politifact,65,0,7,6,6,79970921.0,15994184.2,40330.0,31311741.884368822,0.32379786111892994,3390.0,43720.0,1360973.0
politifact,66,0,7,6,6,188121461.0,37624292.2,6198.0,74643362.76020937,0.32973941224059505,394.0,1968.0,1213349.0
politifact,67,0,270,269,269,263733485.0,984080.1679104478,292.5,5880996.060997081,0.7133083056626017,171478137.0,171512140.0,171571157.0
politifact,68,0,17,16,16,244297886.0,16286525.733333332,25291.0,30660771.789522607,0.30617834922641246,40004549.0,89149074.0,124250546.0
politifact,69,0,312,311,311,302936028.0,977212.9935483871,991.5,3497884.910320494,0.5632663175017683,203633147.0,277693211.0,277801474.0
politifact,70,0,123,122,122,17796975.0,147082.43801652893,572.0,803509.2738094048,0.6905455072104358,12091.0,36110.0,406168.0
politifact,71,0,45,44,44,285678158.0,6643678.0930232555,49975.0,14243453.321745394,0.3638496391777652,129572239.0,160923087.0,164247799.0
politifact,72,0,22,21,21,220098492.0,11004924.6,219713.5,31715830.93724696,0.4847972859279078,192739065.0,208217299.0,219524527.0
politifact,73,0,38,37,37,240831486.0,6689763.5,20659.5,23908163.318281732,0.5627309301228225,42671783.0,186313323.0,196670517.0
politifact,74,0,48,47,47,278066769.0,6044929.760869565,20968.5,12517191.819754759,0.3486811586042582,124103543.0,179039607.0,232462721.0
politifact,75,0,129,128,128,294293453.0,2317271.283464567,279460.0,4345134.5263788,0.30437402055548285,102135849.0,157846563.0,199473509.0
politifact,76,0,12,11,11,93710401.0,9371040.1,359039.5,13452923.612549352,0.17884200851165044,3473867.0,29731436.0,92992322.0
politifact,77,0,7,6,6,18967358.0,3793471.6,25210.0,4751951.379896162,0.11216294174683543,11133941.0,18937277.0,18965683.0
politifact,78,0,188,187,187,311711986.0,1675870.8924731184,5748.5,5308541.527607351,0.5201111298482542,140601372.0,251018803.0,288836936.0
politifact,79,0,26,25,25,194181769.0,8090907.041666667,2108655.0,11741084.149047354,0.1840549984254641,44076140.0,78549034.0,105126243.0
politifact,80,0,39,38,38,97740018.0,2641622.108108108,1028.0,12496141.312704597,0.6509891144848813,10057.0,27072.0,84109.0
politifact,81,0,35,34,34,137082008.0,4154000.242424242,2473.0,10460809.27653275,0.4315354932219878,28.0,52399035.0,94011985.0
politifact,82,0,451,450,450,250908379.0,558815.9888641426,50550.0,1678931.6348297414,0.5005549482459541,22596920.0,36712375.0,131451304.0
politifact,83,0,43,42,42,315731664.0,7700772.292682927,29818.0,16333781.993446454,0.35919158716189453,73030409.0,119111002.0,154090375.0
politifact,84,0,19,18,18,27605954.0,1623879.6470588236,9566.0,6337997.089101794,0.5920862126177825,187145.0,258775.0,552021.0
politifact,85,0,54,53,53,124223621.0,2388915.7884615385,4215.0,8706041.329262543,0.5693690812657096,47412519.0,59256441.0,59631214.0
politifact,86,0,40,39,39,4665170.0,122767.63157894737,181.0,548815.5276182671,0.6343933587444354,4464801.0,4476272.0,4476878.0
politifact,87,0,6,5,5,284499531.0,71124882.75,17141208.0,104079552.44138241,0.1880926681758072,250185042.0,250217115.0,281232948.0
politifact,88,0,279,278,278,83816485.0,302586.58844765346,2086.0,3668711.7498428626,0.8476132676660575,2408890.0,5537636.0,7679981.0
politifact,89,0,16,15,15,371985.0,26570.35714285714,18452.5,23805.137511551522,-0.05489215838526001,21941.0,176286.0,313076.0
politifact,90,0,17,16,16,5396930.0,359795.3333333333,172.0,1319874.4130507603,0.5715880051922324,3.0,25690.0,52496.0
politifact,91,0,46,45,45,2627742.0,59721.40909090909,1647.5,296073.4975769083,0.664293063381781,17346.0,50961.0,101354.0
politifact,92,0,3,2,2,43969.0,43969.0,43969.0,0.0,-1.0,0.0,0.0,43969.0
politifact,93,0,130,129,129,320930019.0,2507265.7734375,328.0,9233220.75743344,0.5728855415242311,84645100.0,84657306.0,128606414.0
politifact,94,0,58,57,57,54965091.0,981519.4821428572,1404.5,4586287.931865642,0.6474305200738902,56588.0,203994.0,46789732.0
politifact,95,0,14,13,13,14944630.0,1245385.8333333333,25975.0,3799959.7740283567,0.506322884396191,2839.0,103170.0,948225.0
politifact,96,0,27,26,26,163672.0,6546.88,1208.0,13563.895040348845,0.34891818073994657,3290.0,27390.0,60179.0
politifact,97,0,232,231,231,256058131.0,1113296.2217391303,2217.0,5762457.290573966,0.6761675008432342,125343508.0,175107899.0,239915323.0
politifact,98,0,15,14,14,64889.0,4991.461538461538,3649.0,4637.797100006468,-0.036728106672949144,6688.0,19361.0,45554.0
politifact,99,0,231,230,230,12554781.0,54824.3711790393,87.0,457220.0211991692,0.7858608667720955,547638.0,575577.0,631324.0
politifact,100,0,77,76,76,294099154.0,3921322.053333333,505722.0,6708871.940393996,0.26222944649039726,119358135.0,190810076.0,276612444.0
politifact,101,0,16,15,15,143681392.0,10262956.57142857,1405239.0,19233381.56482054,0.30411995387210083,76177541.0,113458557.0,115167877.0
politifact,102,0,16,15,15,10179301.0,727092.9285714285,6599.0,2027892.9831225057,0.47216214392590683,39678.0,52637.0,95591.0
politifact,103,0,314,313,313,82938039.0,265827.04807692306,233.5,1664950.1662455364,0.7246424433590533,11830174.0,11844631.0,11882469.0
politifact,104,0,95,94,94,83114533.0,893704.6559139785,23392.0,1859651.2620045885,0.35082518747551866,14156457.0,43644095.0,45242822.0
politifact,105,0,24,23,23,61189036.0,2781319.8181818184,2049.0,10356219.336879266,0.576584353377878,3583.0,76827.0,89267.0
politifact,106,0,279,278,278,42631291.0,153903.57761732853,283.0,2029328.1489547899,0.8590130623843839,17573.0,37617.0,98770.0
politifact,107,0,170,169,169,34076836.0,202838.30952380953,541.0,935190.7985365172,0.6435270274070054,31799268.0,31861295.0,31876314.0
politifact,108,0,333,332,332,305126527.0,921832.4078549849,32.0,8024844.125882354,0.7939274088252068,126786637.0,126811422.0,126815631.0
politifact,109,0,8,7,7,15123233.0,2520538.8333333335,12904.0,3556227.7755192798,0.1704342142541986,7691302.0,15122132.0,15122888.0
politifact,110,0,40,39,39,250038535.0,6579961.447368421,440224.0,16727904.387894608,0.4353870496874545,9110584.0,21087952.0,47296459.0
politifact,111,0,52,51,51,4852613.0,97052.26,1229.5,385107.2294891806,0.59742673486393,20035.0,34941.0,105243.0
politifact,112,0,55,54,54,37764321.0,712534.358490566,19338.0,2543670.658519269,0.5623528894719998,63707.0,1756924.0,6075952.0
politifact,113,0,5,4,4,52348167.0,17449389.0,6094424.0,20497436.269946072,0.08032417068523857,0.0,6094424.0,6123332.0
politifact,114,0,9,8,8,289907490.0,41415355.71428572,546665.0,99589429.26141798,0.41256808098502573,2086549.0,287438093.0,287987318.0
politifact,115,0,67,66,66,292423681.0,4498825.861538461,5873.0,16146140.620752016,0.5641721321855754,112349016.0,287088734.0,287099641.0
politifact,116,0,46,45,45,516182.0,11731.40909090909,1106.0,32339.696428775766,0.4676144856103452,7805.0,38607.0,67837.0
politifact,117,0,77,76,76,286702050.0,3822694.0,25259.0,7357535.039239777,0.3161689288147299,71021692.0,71024602.0,134276894.0
politifact,118,0,90,89,89,1765494.0,20062.43181818182,566.0,68568.13128391409,0.547279603874989,8810.0,23950.0,66088.0
politifact,119,0,92,91,91,16940293.0,188225.47777777776,174.0,1298957.2705344104,0.7468697401292533,1228073.0,3151732.0,16888635.0
politifact,120,0,116,115,115,62022554.0,544057.4912280702,112.5,2952293.5321780783,0.6887855437935698,1406620.0,1436102.0,1436926.0
politifact,121,0,139,138,138,4059493.0,29631.33576642336,737.0,280967.37979790533,0.80919859431752,45080.0,79310.0,176637.0
politifact,122,0,141,140,140,224252656.0,1613328.4604316547,5331.0,9934181.17521439,0.7205755160486784,171768.0,1374412.0,7618397.0
politifact,123,0,370,369,369,321894899.0,874714.3994565217,302.5,5454732.428346621,0.7236047878262619,198910212.0,200745317.0,202708954.0
politifact,124,0,58,57,57,335860.0,5997.5,151.5,29199.61765405255,0.6592050486094587,5575.0,25907.0,27260.0
politifact,125,0,26,25,25,81660.0,3402.5,946.5,6603.494018320907,0.3199076486014192,8582.0,31606.0,52612.0
politifact,126,0,357,356,356,300392948.0,846177.3183098591,3692.0,4638384.024425463,0.6914330005878485,216681635.0,272922750.0,292108273.0
politifact,127,0,308,307,307,257003863.0,839881.9052287581,605.5,8496401.41452106,0.8200821726452783,242218917.0,242249020.0,249512667.0
politifact,128,0,3,2,2,25588.0,25588.0,25588.0,0.0,-1.0,0.0,0.0,25588.0
politifact,129,0,250,249,249,308915828.0,1245628.3387096773,6399.0,3935890.387653046,0.5192033824476507,214525135.0,283322143.0,295332347.0
politifact,130,0,253,252,252,159276847.0,634569.1115537848,2500.0,1935916.0594936626,0.5062651061354273,61396909.0,79293473.0,87773707.0
politifact,131,0,226,225,225,1229137.0,5487.21875,175.5,69065.1197269223,0.8527955296345648,5975.0,25509.0,39179.0
politifact,132,0,22,21,21,63027060.0,3151353.0,616.0,13708555.264056599,0.6261719873389435,131.0,2096.0,76713.0
politifact,133,0,60,59,59,289872878.0,4997808.24137931,1512.5,10672568.08271287,0.36213296502707387,92395530.0,259141665.0,276610980.0
politifact,134,0,177,176,176,64129664.0,366455.22285714286,740.0,1743842.9885889746,0.6526981628762095,52647.0,5618640.0,51127090.0
politifact,135,0,385,384,384,161398034.0,421404.78851174936,307.0,3851513.340546681,0.8027555053554892,132545767.0,132614506.0,155649749.0
politifact,136,0,95,94,94,83114533.0,893704.6559139785,23392.0,1859651.2620045885,0.35082518747551866,14156457.0,43644095.0,45242822.0
politifact,137,0,25,24,24,199650487.0,8680455.956521738,1723099.0,12928370.268375149,0.19658237183466828,37975419.0,164158608.0,199511779.0
politifact,138,0,10,9,9,315617207.0,39452150.875,3633.0,66833505.46826856,0.2576204121545392,1536.0,7341.0,128205289.0
politifact,139,0,79,78,78,274563819.0,3565763.883116883,68367.0,7139268.096162833,0.3338153701887766,79031295.0,181102679.0,243024207.0
politifact,140,0,96,95,95,2704803.0,28774.5,470.0,229487.45894547267,0.7771681116530583,794.0,29194.0,110987.0
politifact,141,0,460,459,459,357595027.0,780775.1681222707,5799.5,3710043.2721863003,0.6522793435093215,200743899.0,336705126.0,336872798.0
politifact,142,0,12,11,11,120124.0,12012.4,2244.5,26023.558934934324,0.36836612845497907,90170.0,91287.0,115635.0
politifact,143,0,56,55,55,209655224.0,3882504.1481481483,8196.5,26720863.390266143,0.7462694820578349,5687778.0,8785413.0,209555120.0
politifact,144,0,185,184,184,114752231.0,627061.3715846995,88493.0,1818623.0536913509,0.4872099072929889,36979141.0,93319863.0,107504829.0
politifact,145,0,58,57,57,756987.0,13517.625,372.0,72146.94165891147,0.6844056877373161,3643.0,12868.0,42433.0
politifact,146,0,19,18,18,163440604.0,9614153.176470589,994958.0,15601254.139442656,0.23743820149173855,21555579.0,76012689.0,163412644.0
politifact,147,0,40,39,39,250038535.0,6579961.447368421,440224.0,16727904.387894608,0.4353870496874545,9110584.0,21087952.0,47296459.0
politifact,148,0,303,302,302,38973193.0,129479.04651162791,10.0,1477993.1151173282,0.8389035286553038,8622.0,12446.0,23128.0
politifact,149,0,11,10,10,20915552.0,2323950.222222222,25323.0,5850833.041611934,0.431434413067916,219482.0,695358.0,19554200.0
politifact,150,0,85,84,84,320779638.0,3864814.9156626505,513389.0,7550485.795136853,0.3228711159564421,210967986.0,272973014.0,299438750.0
politifact,151,0,29,28,28,261966969.0,9702480.333333334,11520.0,22224920.099408336,0.3922160776119183,82739805.0,166978933.0,166978940.0
politifact,152,0,75,74,74,5450479.0,74664.09589041096,77.0,629382.8880565593,0.7879002464527716,1321.0,2583.0,5875.0
politifact,153,0,58,57,57,147848.0,2640.1428571428573,485.0,5099.768711242036,0.3177847488782659,62970.0,87114.0,88726.0
politifact,154,0,4,3,3,19866374.0,9933187.0,9933187.0,9560849.0,-0.01910009810179893,0.0,372338.0,19866374.0
politifact,155,0,271,270,270,55698644.0,207058.156133829,338.0,2525143.6652259137,0.8484312875314739,44819.0,369980.0,518783.0
politifact,156,0,124,123,123,256398961.0,2101630.8278688523,2413.0,5092446.482601477,0.4157330433994312,152136347.0,182694556.0,234097394.0
politifact,157,1,109,108,108,1399974.0,13083.869158878504,580.0,64059.83153564645,0.6607922865746808,31927.0,48104.0,99263.0
politifact,158,1,116,115,115,20516183.0,179966.51754385966,369.5,1654961.64268684,0.8038435275621548,1441780.0,1665876.0,1707180.0
politifact,159,1,45,44,44,96981100.0,2255374.418604651,60052.0,4265104.521458494,0.30821817251883954,64074871.0,64132343.0,85700600.0
politifact,160,1,195,194,194,24062902.0,124678.24870466322,482.0,1272099.0547568882,0.8214772700047739,214572.0,304593.0,332087.0
politifact,161,1,348,347,347,86356242.0,249584.51445086705,3171.0,1261135.3270061866,0.6695819997834295,11033062.0,47711300.0,53845592.0
politifact,162,1,199,198,198,419210.0,2127.9695431472082,790.0,5688.792640328537,0.4555368339987029,90805.0,134774.0,223215.0
politifact,163,1,104,103,103,32427198.0,317913.70588235295,1197.5,2594014.9902267284,0.7816473278984138,103951.0,143326.0,282671.0
politifact,164,1,122,121,121,3884106.0,32367.55,898.5,185733.31110752365,0.7031873250235101,178160.0,204820.0,305166.0
politifact,165,1,23,22,22,15246578.0,726027.5238095238,2117.0,3122008.3641535346,0.6226503364583518,2074.0,25897.0,139601.0
politifact,166,1,198,197,197,16847456.0,85956.40816326531,1762.5,521640.59861641773,0.7170611204329601,192807.0,277679.0,866954.0
politifact,167,1,290,289,289,2604578.0,9043.673611111111,546.5,99478.42195915528,0.8333302805555304,61977.0,127360.0,194524.0
politifact,168,1,47,46,46,5965395.0,132564.33333333334,4666.0,666172.952242784,0.6680652431601044,38334.0,76574.0,170583.0
politifact,169,1,371,370,370,5824453.0,15784.425474254742,531.0,173413.36343288605,0.8331436581216939,74196.0,141228.0,254296.0
politifact,170,1,95,94,94,235359.0,2530.7419354838707,197.0,9195.302990912971,0.5683554086021205,159984.0,168771.0,185666.0
politifact,171,1,71,70,70,531167.0,7698.072463768116,1473.0,23598.495379645603,0.5080564423368132,76881.0,123204.0,227764.0
politifact,172,1,3,2,2,25748.0,25748.0,25748.0,0.0,-1.0,0.0,0.0,25748.0
politifact,173,1,231,230,230,1169093.0,5105.209606986899,395.0,22730.427128812345,0.633188947287768,127243.0,177836.0,203781.0
politifact,174,1,169,168,168,41047420.0,245792.93413173652,859.0,2773692.875877152,0.8371955030773847,30153.0,116155.0,241420.0
politifact,175,1,315,314,314,1028912.0,3287.258785942492,465.0,14503.709645113937,0.6304575775420793,151749.0,212913.0,282561.0
politifact,176,1,35,34,34,16627621.0,503867.30303030304,12155.0,2660533.34836714,0.6815401344278017,299070.0,400452.0,463094.0
politifact,177,1,12,11,11,1163828.0,116382.8,3741.5,327740.1728225577,0.47589831140530126,198.0,31408.0,59794.0
politifact,178,1,104,103,103,24106700.0,236340.19607843139,10529.0,1804715.8896542715,0.7684138150534071,275105.0,727059.0,2363021.0
politifact,179,1,161,160,160,13777575.0,86651.41509433962,670.0,760925.1507087596,0.7955313570704132,57354.0,83400.0,137915.0
politifact,180,1,239,238,238,52766707.0,222644.33333333334,937.0,2078640.2681880116,0.8065043035649337,32608573.0,33131582.0,33164205.0
politifact,181,1,305,304,304,166046402.0,548007.9273927392,585.0,3239685.8689715806,0.7106376825292722,9158034.0,9191139.0,9489600.0
politifact,182,1,28,27,27,25060270.0,963856.5384615385,13239.0,4415944.635358069,0.6416757767361096,35709.0,140461.0,23328077.0
politifact,183,1,415,414,414,25967486.0,62875.26876513317,871.0,950278.7717802126,0.8758821141723135,232936.0,320235.0,465214.0
politifact,184,1,22,21,21,166340.0,8317.0,3848.0,14009.149713669278,0.254954382491856,17894.0,36579.0,70370.0
politifact,185,1,281,280,280,1383359.0,4958.275985663083,200.0,66464.88106222406,0.8611577479741283,30359.0,37236.0,93806.0
politifact,186,1,17,16,16,205934.0,13728.933333333332,2195.0,26969.68069633421,0.32533656682630374,6724.0,152912.0,180725.0
politifact,187,1,35,34,34,438993.0,13302.818181818182,973.0,32546.85886855084,0.4197203104744175,38068.0,43824.0,63294.0
politifact,188,1,265,264,264,12431265.0,47267.16730038023,3393.0,137625.24513297397,0.48870625161626885,255783.0,549091.0,5042992.0
politifact,189,1,100,99,99,204656180.0,2088328.3673469387,20683.5,6038046.039586281,0.48603688120369426,15580564.0,16351898.0,103654200.0
politifact,190,1,165,164,164,9867056.0,60534.08588957055,5252.0,292247.7119807238,0.6568185419145302,91804.0,286618.0,4130702.0
politifact,191,1,39,38,38,5984243.0,161736.2972972973,125.0,888164.4011306254,0.6919017245355213,29339.0,180335.0,181129.0
politifact,192,1,43,42,42,13328090.0,325075.3658536585,253.0,1738613.6762524717,0.6849570267409109,29329.0,30949.0,34828.0
politifact,193,1,71,70,70,1004622.0,14559.739130434782,2548.0,40499.32997429377,0.47112294605851324,84077.0,177045.0,340435.0
politifact,194,1,81,80,80,10431675.0,132046.51898734178,1588.0,749157.9562698049,0.7003044748523118,44975.0,63012.0,123623.0
politifact,195,1,257,256,256,13424738.0,52646.03137254902,284.0,452231.6746880517,0.7914503621745188,27554.0,60968.0,140570.0
politifact,196,1,192,191,191,7103897.0,37388.93157894737,3498.5,174491.43912018192,0.6470750786816419,172424.0,2038669.0,2562667.0
politifact,197,1,85,84,84,16979188.0,204568.53012048194,7810.0,1091830.891291578,0.6844050888303198,275719.0,354424.0,566010.0
politifact,198,1,240,239,239,70884464.0,297833.8823529412,555.0,2210099.1826650244,0.7624865778857558,110608.0,48993365.0,49416073.0
politifact,199,1,10,9,9,31669.0,3958.625,614.5,8158.627824847448,0.3466134515436526,25481.0,26039.0,28864.0
politifact,200,1,344,343,343,15936692.0,46598.51461988304,310.0,395432.71044129075,0.7891618873149328,39152.0,65305.0,95121.0
politifact,201,1,221,220,220,18948155.0,86521.25570776255,1875.0,507025.152323767,0.7084600141218731,74933.0,358081.0,13101687.0
politifact,202,1,62,61,61,12533233.0,208887.21666666667,1989.0,1528533.8060370695,0.7595433531227787,67132.0,339675.0,396137.0
politifact,203,1,464,463,463,42532755.0,92062.24025974025,845.0,1074914.4667193487,0.8422209462979625,6905043.0,8435298.0,9253376.0
politifact,204,1,99,98,98,53036658.0,546769.6701030928,1136.0,2833757.4264829103,0.6765180964499437,13519.0,69604.0,330187.0
politifact,205,1,28,27,27,1848219.0,71085.34615384616,1040.5,162058.01596767802,0.39020055722801605,240162.0,241323.0,273010.0
politifact,206,1,248,247,247,30720752.0,124881.10569105692,2022.5,697687.8740883984,0.6963632017231195,12716656.0,16447541.0,17222834.0
politifact,207,1,130,129,129,49512976.0,386820.125,6732.0,2013914.5566772204,0.6777485426005038,3160551.0,7986980.0,48374286.0
politifact,208,1,29,28,28,42364799.0,1569066.6296296297,2726.0,7934978.366519635,0.6698107741986985,8352.0,51975.0,42171168.0
politifact,209,1,193,192,192,6779041.0,35492.3612565445,260.0,379587.8702635466,0.8289855379208704,16411.0,29535.0,65939.0
politifact,210,1,22,21,21,427084.0,21354.2,2819.0,50645.307902707034,0.40682372360500185,104769.0,371980.0,373988.0
politifact,211,1,34,33,33,3685969.0,115186.53125,3974.5,599787.2608968316,0.677788102122925,20247.0,37464.0,77057.0
politifact,212,1,77,76,76,10761566.0,143487.54666666666,11318.0,489075.1163510242,0.5463293834569753,420224.0,652978.0,3686601.0
politifact,213,1,93,92,92,339525.0,3731.043956043956,748.0,20292.43407748998,0.6893835313241605,13828.0,44774.0,71189.0
politifact,214,1,13,12,12,11198252.0,1018022.9090909091,22739.0,2369595.8724450907,0.39897433876587407,316778.0,344055.0,368256.0
politifact,215,1,310,309,309,303918457.0,986748.237012987,70966.5,2332575.368616208,0.40545222204935105,104856952.0,186830055.0,250106667.0
politifact,216,1,310,309,309,20890377.0,67825.89935064936,203.5,1153256.9535037368,0.8889086040441883,28756.0,42020.0,64701.0
politifact,217,1,79,78,78,27902873.0,362374.97402597405,867.0,3059184.8270182405,0.788181417191433,17238.0,40402.0,218232.0
politifact,218,1,298,297,297,4711990.0,15918.885135135135,384.5,156551.50710747545,0.8154015314959987,49516.0,99173.0,131010.0
politifact,219,1,410,409,409,30986003.0,75946.08578431372,345.0,900868.1054010664,0.8445024929620404,98788.0,167179.0,371737.0
politifact,220,1,27,26,26,6261001.0,250440.04,1301.0,1032491.0376669224,0.6095814586463392,1966.0,5075.0,53612.0
politifact,221,1,108,107,107,7571231.0,71426.7075471698,919.0,540519.324025602,0.7665588013910477,27347.0,81254.0,182787.0
politifact,222,1,55,54,54,35958627.0,678464.6603773584,7934.0,4503028.034340213,0.7381199973246939,82307.0,247892.0,363592.0
politifact,223,1,248,247,247,36762073.0,149439.32113821138,362.0,1883254.1060584204,0.8529642304749231,102872.0,160644.0,194822.0
politifact,224,1,62,61,61,1024460.0,17074.333333333332,2974.5,78525.32164460639,0.6427950846208943,88111.0,159222.0,223719.0
politifact,225,1,12,11,11,301445.0,30144.5,17460.0,52417.14059589668,0.26976984026894,17809.0,56515.0,272519.0
politifact,226,1,208,207,207,44156352.0,214351.2233009709,3935.5,1375438.0733520454,0.7303400850008934,164563.0,707039.0,4740798.0
politifact,227,1,20,19,19,1131953.0,62886.27777777778,2493.5,161872.38978446557,0.4404106550385878,750573.0,764013.0,1102209.0
politifact,228,1,145,144,144,34589247.0,241882.84615384616,291.0,2063054.0081117784,0.7901175941490922,62601.0,177145.0,204487.0
politifact,229,1,121,120,120,3931998.0,33042.0,1462.0,197336.6228359615,0.7131504686220198,38861.0,73557.0,170751.0
politifact,230,1,222,221,221,13381664.0,60825.74545454545,344.5,442948.59056911163,0.758519872470482,41376.0,68175.0,118383.0
politifact,231,1,26,25,25,286788.0,11949.5,135.5,41400.3501696141,0.5520324813655823,235994.0,236139.0,236644.0
politifact,232,1,233,232,232,9740009.0,42164.54112554112,856.0,540686.9994954646,0.8553163603870158,139938.0,176118.0,475124.0
politifact,233,1,47,46,46,6690138.0,148669.73333333334,1873.0,529608.6943714576,0.5616262370707762,736.0,23791.0,115775.0
politifact,234,1,97,96,96,2491587.0,26227.23157894737,596.0,134962.74326989596,0.674579866352829,38000.0,44366.0,97630.0
politifact,235,1,308,307,307,88145209.0,288056.2385620915,4751.0,1454439.3743639374,0.6693750774174031,19430522.0,23932033.0,24066794.0
politifact,236,1,186,185,185,17000170.0,92392.22826086957,3276.0,518970.7364343368,0.6977499992760225,323271.0,1965509.0,2167444.0
politifact,237,1,417,416,416,36647429.0,88307.0578313253,3816.0,519969.77251543733,0.7096484579858687,798988.0,25893602.0,26190616.0
politifact,238,1,374,373,373,12464327.0,33506.25537634409,621.0,421449.267230092,0.8527053581660596,86571.0,226962.0,616497.0
politifact,239,1,476,475,475,1801890.0,3801.4556962025317,230.5,15182.34076027532,0.5995052196310965,1061854.0,1156866.0,1170592.0
politifact,240,1,28,27,27,31843146.0,1224736.3846153845,8545.5,5636737.820400583,0.6430107151841915,333234.0,1383787.0,1426478.0
politifact,241,1,22,21,21,8207628.0,410381.4,25316.0,1162815.6727699537,0.47828354488680197,1118731.0,6475907.0,6520651.0
politifact,242,1,42,41,41,598218.0,14955.45,1764.0,42200.77038037931,0.4766816314840184,203199.0,229628.0,229662.0
politifact,243,1,22,21,21,18242152.0,912107.6,21029.5,3835280.4035438714,0.6157433943384775,57146.0,279648.0,552823.0
politifact,244,1,299,298,298,12177074.0,41000.24915824916,539.0,621004.8157441017,0.8761331254639362,79525.0,123800.0,195686.0
politifact,245,1,65,64,64,91240938.0,1448268.857142857,2315.0,5924192.265818214,0.6071138706632676,39125221.0,39164303.0,40468337.0
politifact,246,1,40,39,39,2136330.0,56219.21052631579,10.0,196386.45352014186,0.5548855902457017,948355.0,949428.0,981406.0
politifact,247,1,76,75,75,6484715.0,87631.28378378379,4270.0,568611.3814502105,0.7329302453916574,79258.0,144978.0,475582.0
politifact,248,1,12,11,11,13496475.0,1349647.5,104748.5,2271307.1988147376,0.2545349984954046,209497.0,241313.0,11816173.0
politifact,249,1,59,58,58,274901.0,4822.824561403509,817.0,19481.248052640763,0.6031262218483823,16003.0,32681.0,80997.0
politifact,250,1,180,179,179,14008103.0,78697.20786516854,1166.0,780418.5184268417,0.8167948613748931,59401.0,102090.0,295812.0
politifact,251,1,9,8,8,358073.0,51153.28571428572,25585.0,45288.57471723268,-0.06081084469764517,2332.0,42105.0,267470.0
politifact,252,1,213,212,212,3294303.0,15612.810426540284,630.0,160489.68425505215,0.8226849602015063,28269.0,103384.0,176694.0
politifact,253,1,114,113,113,1006129.0,8983.294642857143,352.0,82051.37966277577,0.80264015417472,21816.0,33249.0,59447.0
politifact,254,1,68,67,67,11154100.0,169001.51515151514,5804.5,860934.1842596655,0.6718212306882184,430572.0,570311.0,699100.0
politifact,255,1,17,16,16,1893863.0,126257.53333333334,68281.0,124504.55552033249,-0.006990601414330269,519660.0,770389.0,936984.0
politifact,256,1,27,26,26,1220847.0,48833.88,6183.0,166045.52476385987,0.5454764028812753,58942.0,80584.0,272778.0
politifact,257,1,256,255,255,45705412.0,179942.56692913387,12966.5,661881.1554845481,0.5724934754435252,5753233.0,7008087.0,26137065.0
politifact,258,1,458,457,457,7980412.0,17500.90350877193,612.5,144492.21194516498,0.7839302804970332,225609.0,285939.0,473693.0
politifact,259,1,21,20,20,294607.0,15505.631578947368,3918.0,33386.03485576839,0.365714744059633,26752.0,32786.0,83252.0
politifact,260,1,177,176,176,9414929.0,53799.59428571429,689.0,513765.9401901676,0.8104197981810313,44039.0,79656.0,158927.0
politifact,261,1,308,307,307,15567668.0,50874.73202614379,639.5,684048.3827730451,0.8615508724608699,106072.0,175344.0,252888.0
politifact,262,1,145,144,144,5520304.0,38603.52447552448,1413.0,393779.291378611,0.8214382114179699,150939.0,235030.0,341107.0
politifact,263,1,14,13,13,1305697.0,108808.08333333333,9965.0,224666.21844136482,0.34742747639459054,14679.0,69561.0,96841.0
politifact,264,1,315,314,314,58215193.0,185991.03194888178,308.0,1989626.79669388,0.8290223314956833,29142.0,55480.0,94660.0
politifact,265,1,232,231,231,8198638.0,35646.252173913046,1189.0,191345.68048967855,0.6859249423040793,36258.0,94508.0,392380.0
politifact,266,1,74,73,73,31836404.0,442172.27777777775,7137.0,1957508.5141178414,0.6314740866609301,12762920.0,13002028.0,13081604.0
politifact,267,1,43,42,42,302264.0,7372.292682926829,2599.0,14167.040035863221,0.3154576532915956,115568.0,149186.0,184964.0
politifact,268,1,40,39,39,602745.0,15861.71052631579,3308.0,42586.16057502095,0.45723564511649,25693.0,35169.0,133423.0
politifact,269,1,21,20,20,9753031.0,513317.4210526316,8730.0,2091755.3697301657,0.6059093451293659,47123.0,91144.0,9593268.0
politifact,270,1,24,23,23,13481393.0,612790.5909090909,2905.5,1921428.4498239765,0.5163870359589514,902.0,29310.0,254656.0
politifact,271,1,92,91,91,52304970.0,581166.3333333334,2041.5,3647781.3674941133,0.7251484887270556,30936.0,82972.0,341304.0
politifact,272,1,407,406,406,12779716.0,31554.854320987655,719.0,278801.1893810665,0.7966538434722366,200408.0,331488.0,3417208.0
politifact,273,1,25,24,24,22958855.0,998211.0869565217,1009.0,3472136.629408931,0.5534078553656215,205.0,11298.0,46747.0
politifact,274,1,240,239,239,22605529.0,94981.21428571429,1584.0,705211.3600342297,0.762604109725873,103462.0,213508.0,381520.0
politifact,275,1,18,17,17,106985.0,6686.5625,602.5,10541.573026408048,0.22376249133279208,26641.0,79081.0,104369.0
politifact,276,1,218,217,217,64395653.0,298128.02314814815,2445.0,2230715.41746191,0.7642178884144541,218051.0,26305928.0,63403171.0
politifact,277,1,402,401,401,45026027.0,112565.0675,49.5,1457378.8761972908,0.856599889503183,2005.0,11363.0,32210.0
politifact,278,1,146,145,145,24946345.0,173238.50694444444,5949.0,1052092.9940170187,0.7172381403587325,410057.0,1863122.0,8367041.0
politifact,279,1,152,151,151,1056523.0,7043.486666666667,333.0,38465.479317042475,0.6904571873073089,266639.0,273526.0,295124.0
politifact,280,1,9,8,8,21123028.0,3017575.4285714286,19596.0,6087242.072866118,0.33714752039895624,62245.0,77145.0,3460096.0
politifact,281,1,476,475,475,3034628.0,6402.168776371308,117.0,71927.78375633505,0.8365333165828714,54821.0,74887.0,95030.0
politifact,282,1,103,102,102,12372133.0,122496.36633663367,5293.0,420202.969618908,0.5485663673387333,830513.0,2689294.0,4977785.0
politifact,283,1,176,175,175,17722816.0,101855.2643678161,346.5,487679.57107469323,0.6544554850898243,11442002.0,11485824.0,11572063.0
politifact,284,1,306,305,305,134116291.0,441172.00986842107,1001.5,4366508.30938275,0.8164719862500606,127433050.0,127625195.0,127737292.0
politifact,285,1,352,351,351,4294527.0,12270.077142857142,402.0,168755.6677955856,0.8644383190133588,38454.0,212622.0,287257.0
politifact,286,1,7,6,6,297950.0,59590.0,28819.0,66617.58364876348,0.055682736691332994,1545.0,94272.0,123270.0
politifact,287,1,61,60,60,281600.0,4772.881355932203,504.0,25099.749160124644,0.6804512174870753,9820.0,26872.0,45582.0
politifact,288,1,32,31,31,2293096.0,76436.53333333334,697.5,347870.902443012,0.6397115539892474,112044.0,340518.0,346941.0
politifact,289,1,170,169,169,3056980.0,18196.309523809523,386.0,114736.63145708299,0.7262332512988632,114419.0,133821.0,245318.0
politifact,290,1,433,432,432,21462982.0,49798.102088167056,727.0,373966.0521927119,0.7649725603966026,9080381.0,9364547.0,20805405.0
politifact,291,1,79,78,78,271659695.0,3528047.987012987,86085.0,12793811.891920257,0.5676904454293635,55837861.0,115068021.0,144570076.0
politifact,292,1,135,134,134,796680.0,5990.075187969925,405.0,48444.9003976239,0.7799181455110198,52935.0,94919.0,106410.0
politifact,293,1,4,3,3,56172.0,28086.0,28086.0,2856.0,-0.8153965483808415,0.0,25230.0,56172.0
politifact,294,1,223,222,222,2850530.0,12898.325791855204,504.0,68177.39589275458,0.6818202657009804,90345.0,122635.0,146868.0
politifact,295,1,23,22,22,51273894.0,2441614.0,5345.0,6395726.9719386045,0.4474324329562685,21651.0,45843.0,73722.0
politifact,296,1,308,307,307,9681620.0,31639.281045751635,935.5,161090.39166950565,0.6716719267977366,92493.0,280443.0,451172.0
politifact,297,1,106,105,105,29280858.0,281546.71153846156,7794.0,1390337.2724858173,0.6631982670702192,1098320.0,21860853.0,22081836.0
politifact,298,1,95,94,94,1676691.0,18028.935483870966,308.0,125622.95856601036,0.7489913293087436,17262.0,26860.0,40613.0
politifact,299,1,3,2,2,1015.0,1015.0,1015.0,0.0,-1.0,0.0,0.0,1015.0
politifact,300,1,33,32,32,85887596.0,2770567.6129032257,26836.0,5426374.452522365,0.3239997084792435,27321907.0,43280401.0,58578332.0
politifact,301,1,33,32,32,2606308.0,84074.45161290323,1371.0,295885.38390842284,0.5574561111305442,58561.0,80995.0,130516.0
politifact,302,1,260,259,259,38575663.0,149518.07364341084,2516.0,597717.6636913143,0.5998101638534613,67051.0,497614.0,6002487.0
politifact,303,1,7,6,6,15884311.0,3176862.2,498251.0,5681981.799220213,0.2827817714637172,295.0,498546.0,15021226.0
politifact,304,1,54,53,53,10401573.0,200030.25,1217.0,841232.2418288423,0.615792844609868,17438.0,34292.0,70494.0
politifact,305,1,7,6,6,244900.0,48980.0,35922.0,39447.087005253,-0.10780534921591046,66559.0,102481.0,127701.0
politifact,306,1,9,8,8,29451.0,4207.285714285715,536.0,8620.979637974293,0.34406007378939973,25279.0,26177.0,26906.0
politifact,307,1,487,486,486,10118022.0,20861.901030927835,80.0,264449.5671086202,0.8537605153626413,58858.0,66707.0,100055.0
politifact,308,1,13,12,12,118912092.0,10810190.181818182,91112.0,14579351.528940197,0.14845330372879076,26943912.0,57766508.0,118878202.0
politifact,309,1,34,33,33,6366883.0,198965.09375,1730.0,1002579.4123234191,0.6688177712197997,17637.0,99335.0,6256835.0
politifact,310,1,285,284,284,3822357.0,13506.56183745583,362.0,144663.86968097126,0.8292150851737127,215331.0,259489.0,316257.0
politifact,311,1,134,133,133,7478553.0,56655.704545454544,2968.5,310969.4723457043,0.6917746220508268,64868.0,481274.0,610141.0
politifact,312,1,121,120,120,2740885.0,23032.647058823528,497.0,142400.1290700593,0.7215467503141022,4124.0,33722.0,123097.0
politifact,313,1,204,203,203,24779176.0,122669.18811881189,143.0,1336962.9405723463,0.8319176651327777,3936.0,18857.0,36522.0
